university,country,example_url
Centre Universitaire de Jijel,Algeria,https://elearning.univ-jijel.dz/course/view.php?id=1924
Université de Blida,Algeria,https://www.univ-blida.dz/wp-content/uploads/2025/11/Amendement-formation-Master-SSI_2024.pdf
Universidad Nacional de Avellaneda,Argentina,https://play.google.com/store/apps/details?id=androit.nativokotlinyjava&hl=en_US&referrer=utm_source%3Dgoogle%26utm_medium%3Dorganic%26utm_term%3Dkotlin+undav.edu.ar
Universidad Nacional de La Plata,Argentina,https://www.info.unlp.edu.ar/wp-content/uploads/2026/02/Seminario-de-Lenguajes-opcion-Android-2026.pdf
Universidad Nacional de la Patagonia Austral,Argentina,https://www.uaco.unpa.edu.ar/convocatoria-abierta-para-una-beca-uaco-2025-grupo-investigacion-y-formacion
Universidad Nacional del Sur,Argentina,https://cs.uns.edu.ar/~ece/ads/downloads/Practica/Kotlin1.pdf
Universidad Tecnológica Nacional,Argentina,https://campus.mdp.utn.edu.ar/course/view.php?id=986
American University of Armenia,Armenia,https://newsroomarchive.aua.am/event/decompiling-kotlin-generated-classes/
Flinders University of South Australia,Australia,https://handbook.flinders.edu.au/topics/2026/COMP2012
Fachhochschule JOANNEUM,Austria,https://www.fh-joanneum.at/it-und-mobile-security/master/en/my-studies/curriculum/
Johannes Kepler Universität Linz,Austria,https://ssw.jku.at/General/Staff/Weninger/BSC/2025_KotlinOpenTelemetryPlugin-Schoenberger/Topic.pdf
Qafqaz University,Azerbaijan,https://qu.edu.az/en/introduction-multi-platform-programming
American International University - Bangladesh,Bangladesh,https://www.aiub.edu/faculties/fst/ug-course-catalog
Brest State Technical University,Belarus,https://ipk.bstu.by/courses/kotlin-for-java-developers/
Hogeschool Gent,Belgium,https://www.hogent.be/sites/hogent/assets/File/DIT%20Short%20description%20International%20Curriculum%202021-22%20DIT.pdf
Pontifícia Universidade Católica de Minas Gerais,Brazil,https://www.pucminas.br/PucVirtual/Pos-Graduacao/Documents/DesenvolvimentoMobile.pdf
Pontifícia Universidade Católica do Rio Grande do Sul,Brazil,https://portal.pucrs.br/en/news/education/Summer-and-intensive-language-courses-are-now-open-for-registration/
Universidade Federal de Ouro Preto,Brazil,https://professor.ufop.br/sites/default/files/santostf/files/cv-english_0.pdf
Universidade Federal de Pernambuco,Brazil,https://www.cin.ufpe.br/~tg/2022-1/tg_CC/tg_lccao.pdf
Universidade Federal do Ceará,Brazil,https://repositorio.ufc.br/bitstream/riufc/82804/1/2025_tcc_gcsilva.pdf
Technical University of Sofia,Bulgaria,https://tu-sofia.bg/department/preview/27?dep_id=90
Sheridan College,Canada,https://www.sheridancollege.ca/programs/computer-systems-technology-software-development-and-network-engineering
Vancouver Community College,Canada,https://www.vcc.ca/courses/cstp-2250/
Universidad de Los Andes,Colombia,https://repositorio.uniandes.edu.co/bitstreams/4879e949-0e9b-49b4-9837-61fe2517c186/download
University of Economics Prague,Czech Republic,https://vskp.vse.cz/75835_transformace-android-aplikace-z-javy-do-kotlinu??page=101
University of South Bohemia,Czech Republic,https://www.frov.jcu.cz/images/FROV/FROV-EN/documents/deans-measure/decision_of_dean_15_2013.pdf
IT University of Copenhagen,Denmark,https://en.itu.dk/Programmes/International-students/Exchange-students/Course-list/
University of Copenhagen,Denmark,https://di.ku.dk/english/events/event-calendar-2026/coplas-talk-systems-and-programming-languages/
Arab Academy for Science & Technology,Egypt,https://aast.edu/en/training-courses/trainingcourse.php?course=4T4477
Universidad Capitain General Gerardo Barrios,El Salvador,https://ugb.edu.sv/wp-content/download/pdf/catalogo2023.pdf
Diaconia University of Applied Sciences,Finland,https://opinto-opas.diak.fi/realization/C-10065-TT00EM36-3039?lang=en
Metropolia University of Applied Sciences,Finland,https://www.metropolia.fi/en/study-at-metropolia/open-university/nonstop-virtual-studies-information-and-communication-technology
Central Supélec,France,https://wdi.centralesupelec.fr/3IF1020/downloads/Main/ConceptsLangagesProgrammation.pdf
Ecole Nationale Supérieure des Mines de St-Etienne,France,https://ecampus.emse.fr/course/index.php?categoryid=151&lang=en
Ecole Normale Supérieure de Paris,France,https://git.eleves.ens.fr/qaristote/kotlin-compiler
Université de Strasbourg,France,https://formations.unistra.fr/fr/formations/licence-LIG/licence-informatique-ME6/informatique-PR9/ue-informatique-LJGXIKH8/programmation-mobile-EN26112.html
Ilia Chavchavadze State University,Georgia,https://iliauni.edu.ge/en/siaxleebi-8/gonisdziebebi-346/0/368
Ludwig-Maximilians-Universität München,Germany,https://www.tcs.ifi.lmu.de/teaching/courses-ws-2025-26/mobile-application-development
Technische Universität Carolo-Wilhelmina zu Braunschweig,Germany,https://graphics.tu-bs.de/upload/teaching/ss21/programmieren2/Programmieren2_Folien.pdf
Technische Universität Dortmund,Germany,https://aqua.cs.tu-dortmund.de/research/
Technische Universität München,Germany,https://www.cs.cit.tum.de/en/pl/lehre/wintersemester-2122/praktika/bachelors-practical-course-kotlin-in0012/
Theologische Fakultät Paderborn,Germany,https://www.uni-paderborn.de/en/person/78060
Universität Bremen,Germany,https://user.informatik.uni-bremen.de/clueth/lehre/ps.ws23/lectures/slides-all.pdf
Universität Trier,Germany,https://www.uni-trier.de/universitaet/fachbereiche-faecher/fachbereich-ii/faecher/computerlinguistik-und-digital-humanities/fachschaft-codipho/downloads
Kumasi Technical University,Ghana,https://catalogue.kstu.edu.gh/cgi-bin/koha/opac-detail.pl?biblionumber=2375&shelfbrowse_itemnumber=5269
Hong Kong Metropolitan University,Hong Kong,https://www.hkmu.edu.hk/SAO/Job%20Fair/2022/44_Green%20Tomato%20Limited_New.pdf
Hong Kong Shue Yan University,Hong Kong,https://www.hksyu.edu/flipbook/prospectus2021-22/files/basic-html/page54.html
University of Debrecen,Hungary,https://inf.unideb.hu/en/news/hello-kotlin
Atharva College of Engineering,India,https://atharvacoe.ac.in/wp-content/uploads/Report-of-Seminar-on-Flutter-Dart-07_01_2023.docx.pdf
Christ University,India,https://christuniversity.in/computer-science-and-engineering/faculty-details/MjQ5Mw==/NzI=
DAV Institute of Engineering & Technology,India,https://davietjal.org/wp-content/uploads/2024/03/DAVIET-Prospectus-2023.pdf
Dav University,India,https://davuniversity.org/images/files/2020/BCA_2020.pdf
Indus University,India,https://indusuni.ac.in/webinar-on-android-json-api-using-kotlin/
Narsee Monjee Institute of Management Studies,India,https://mathematics.nmims.edu/faculty-and-research/faculty/rajesh-kumar-maurya/
NorthCap University,India,https://stride.ncuindia.edu/course-isotope-1
PES University,India,https://news.pes.edu/10481/
Pandit Deendayal Energy University,India,https://api.pdeu.ac.in/pdpu/resources/btech-ce-syllabus-2025.pdf
Saurashtra University,India,https://qp.saurashtrauniversity.edu/PDF_DATAFILES/2022/BCA/MARCH/SEM-6/BCA%20SEM-6(2019)%20March-2022%20%20CS-31%20MOBILE%20APP.DEV.%20IN%20ANDROID%20USING%20KOTLIN.pdf
Somaiya Vidyavihar,India,https://svu-naac.somaiya.edu/C3/DVV/3.4.5/Confernce+and+Book+Chapter/56.pdf
Sri Sai Ram Institute of Technology,India,https://ai.sairamit.edu.in/certification-course/
St Joseph's College Of Engineering,India,https://stjosephs.ac.in/Department%20Brochure/IT%202024.pdf
Thiagarajar College of Engineering,India,https://tce.edu/sites/default/files/naac/criteria-1/1.4/feedback/Alumni/it-alumni.pdf
Institut Teknologi Bandung,Indonesia,https://digilib.itb.ac.id/gdl/view_data/deteksi-bad-smell-code-kotlin-pada-aplikasi-android-menggunakan-program-structure-interface/?rows=758&per_page=161
Universitas Negeri Surabaya,Indonesia,https://pendidikan-matematika.fmipa.unesa.ac.id/post/seri-tutorial-android-studio-bagian-3-logika-kotlin-menghidupkan-kalkulator
Universitas Nusa Putra,Indonesia,https://restikom.nusaputra.ac.id/article/download/471/219
Universitas Riau,Indonesia,https://jistdev.unri.ac.id/goto/2158O5P/161738230626/kotlin-in__action.pdf
Universitas Semarang,Indonesia,https://beasiswa.usm.ac.id/courses/kotlin-for-java-developers/
Waseda University,Japan,http://www.washi.cs.waseda.ac.jp/wp-content/uploads/2013/07/SEKE2013-Sakamoto-document.pdf
Applied Science University,Jordan,https://www.asu.edu.jo/ar/it/cs/Documents/%D9%84%D8%BA%D8%A9%20%D8%A8%D8%B1%D9%85%D8%AC%D8%A9%20%D9%85%D8%AE%D8%AA%D8%A7%D8%B1%D8%A9.pdf
Arab Open University,Jordan,https://www.aou.edu.jo/centers/training/Pages/trainingcourse-item.aspx?iid=6
German Jordanian University,Jordan,https://gju.edu.jo/news/gju-organizes-introductory-session-%E2%80%9Cjocodes-%E2%80%93-jordan-programmers%E2%80%9D-22150
Jadara University,Jordan,https://www.jadara.edu.jo/eng/departments.php?type=mod_profile&stid=10187&dptid=167
Riga Technical University,Latvia,https://stud.rtu.lv/rtu/discpub/printDiscEn.32103/RTC409_Introduction_to_Programming_Languages.pdf
Segi University College,Malaysia,https://colleges.segi.edu.my/kualalumpur/nothing-is-impossible-at-segi/
Tunku Abdul Rahman University of Management and Technology,Malaysia,https://eprints.tarc.edu.my/26087/
Universiti Kebangsaan Malaysia,Malaysia,https://ftsm.ukm.my/v6/public/assets/file/technicalreport/A197895_TReport.pdf
Universidad Michoacana de San Nicolás de Hidalgo,Mexico,https://umich.mx/courses/kotlin-for-java-developers/
Hogeschool Inholland,Netherlands,https://www.inholland.nl/media/20744/2021-folder-mobile.pdf
Utrecht University,Netherlands,https://studenttheses.uu.nl/handle/20.500.12932/48506
Vrije Universiteit Amsterdam,Netherlands,https://research.vu.nl/en/datasets/replication-package-for-how-does-migrating-to-kotlin-impact-the-r/
Universidad Nacional de Ingenieria,Nicaragua,https://posgrado.uni.edu.ni/cursos-de-especializacion/computacion-y-sistemas/programacion-con-kotlin/
Benson Idahosa University,Nigeria,https://biu.edu.ng/courses/kotlin-for-java-developers/
Obafemi Awolowo University Ile-Ife,Nigeria,https://cve.oauife.edu.ng/courses/kotlin-for-java-developers/
Dadabhoy Institute of Higher Education,Pakistan,https://dadabhoy.edu.pk/course-category/android-app/?tutor-course-filter-category=78
Zia-ud-Din University,Pakistan,https://zu.edu.pk/faculty-of-engineering-science-technology-management/college-of-computing-and-software-engineering/department-of-computer-science/bs-computer-science/
Universidad Nacional del Altiplano,Peru,https://ocni.unap.edu.pe/fetch.php/A11OYM/998698/Kotlin%20In%20Action%20Second%20Edition.pdf
Instituto Superior Politécnico Gaya,Portugal,https://ispgaya.pt/en/vida-academica/eventos/android-training-program
Universidade Lusófona de Humanidades e Technologias,Portugal,https://www.ulusofona.pt/en/lisboa/bachelor/it-engineering/ULP452-15892
Polytechnic University of Timisoara,Romania,https://tess.upt.ro/
Higher School of Economics,Russian Federation,https://www.hse.ru/en/edu/courses/1048891092
"Moscow State Institute of Radiotechnics, Electronics and Automation (Technical University)",Russian Federation,https://www.mirea.ru/news/v-rtu-mirea-sostoyalsya-master-klass-osnovy-razrabotki-servernykh-prilozheniy-na-java-kotlin-s-ispol/
St. Petersburg State Polytechnical University,Russian Federation,https://iccs.spbstu.ru/news/internet_gigant_google_sdelal_novuy_yazuk_programmirovaniya_kotlin_odnim_iz_osnovnuh_yazukov/
Université Cheikh Anta Diop,Senegal,https://homecoming.ucad.sn/book/141027/2299G5M/kotlin_programming-cookbook__explore-more__than-100__recipes_that-show__how__to__build__robust-le_and_web_applications__with__kotlin__spring-boot-and-android.pdf
Matej Bel University in Banská Bystrica,Slovakia,https://lms.umb.sk/mod/resource/view.php?id=123043&forceview=1
Universidad Politécnica de Valencia,Spain,https://www.upv.es/reports/rwservlet?g_doc+p_rep=049sZTu1iw8Cidb2Lya966Rr0UkvYsYo_vqIhNp%3DXaBZFazPoijJEkF1RPmlpywGCU9CCJNUpt0KppL2EIASzumzVJ_spqtNaze4wglU10oWA3L_pU%3A4G5LS8%3AEZBE9ir6475qbyfg6OMdmh4CRXj%3AtlqnA%3AwoNp530ZWip5w5LJ6S6LckckkT_52TEElfG0GPa1cIv%3Dmhh3dfm5Cr%3A4bKbRaSnQtf1%3ASLfMx%3Dj9gxR0ipe01dPr1kh3EtAARMRt%3A7FVbN5vNqIi2sF8pS8mzvcJtIp9YFZpL23iQtVmxs1T%3AUkEuuiRBvEB%3DzezP7Y2TztTNaLi62Vb4IGS26wXnZH3xUI8XNc8t.pdf
Universitat Oberta de Catalunya,Spain,https://campus.uoc.edu/tren/trenacc/web/GAT_EXP.PLANDOCENTE?any_academico=20221&cod_asignatura=22.603&idioma=ANG&pagina=PD_PREV_PORTAL
Kotelawala Defence University,Sri Lanka,https://library.kdu.ac.lk/virtual-reading-room-category.php?department=69
BFH - Bern University of Applied Sciences,Switzerland,https://www.bfh.ch/dam/jcr:e7cda6b2-7bc2-4ece-b4e0-a7ce349f8f85/BFH%20Study%20Offer%20in%20English_2026%20January.pdf
Hochschule Luzern,Switzerland,https://www.hslu.ch/de-ch/informatik/weiterbildung/technologies-and-methods/fachkurs-modern-programming-java
University of Geneva,Switzerland,https://gitlab.unige.ch/Loris.Agnolini/openweatherapp-kotlin/-/tree/master/app/src?ref_type=heads
Ahi Evran University,Turkiye,https://unis.ahievran.edu.tr/yayin-detay/2_DJ4sDm_86/yeni-baslayanlar-icin-kotlin-ile-android-programlama
Bilecik University,Turkiye,https://ebs.bilecik.edu.tr/pdf/dersbilgigetir/348030
Karadeniz Technical University,Turkiye,https://katalog.ktu.edu.tr/dersbilgipaketi/course.aspx?pid=1440&lang=1&dbid=669533
Okan University,Turkiye,https://ois.okan.edu.tr/bilgipaketi/index/ders/ders_id/20769/program_kodu/0702001/h/28792/s/8/st/D/ln/en
Ufuk University,Turkiye,https://bipa.ufuk.edu.tr/anasayfa/akademik-programlar/on-lisans/meslek-yuksekokulu/bilgisayar-programciligi/myp242/
Babson College,United States,https://career.babson.edu/jobs/capgemini-america-inc-junior-mobile-application-developer
Baker College,United States,https://www.baker.edu/about/get-to-know-us/blog/top-careers-for-web-and-app-development-graduates
Bowie State University,United States,https://bowiestate.edu/academics/colleges/college-of-arts-and-sciences/departments/computer-science/resources-for-students/upcoming-events.php
Brown University,United States,https://cs.brown.edu/people/ilkhechi/cv.pdf
Calvin College,United States,https://career.calvin.edu/jobs/temple-allen-industries-entry-level-full-stack-developer
Champlain College,United States,https://online.champlain.edu/blog/programming-languages-to-learn-for-software-developers
Colby College,United States,https://cs.colby.edu/courses/S26/cs333/notes/CourseOverview.pdf
Colorado Community College System,United States,https://skillsinstitute.cccs.edu/courses/android-developer-career-academy/
Dallas College,United States,https://schedule.dallascollege.edu/Fall/INET/Prefix/ITSE
Evergreen State College,United States,https://www.evergreen.edu/catalog/offering/distributed-game-playing-in-java-i-51848
Florida Gulf Coast University,United States,https://careerservices.fgcu.edu/classes/kotlin-multiplatform-libraries/
Fordham University,United States,https://www.fordham.edu/gabelli-school-of-business/academic-programs-and-admissions/graduate-programs/academic-programs/ms-programs/information-technology/information-technology-alumni-success/
Fort Hays State University,United States,https://www.fhsu.edu/programs/web-mobile-application-development/
Full Sail University,United States,https://hub.fullsail.edu/articles/beyond-phones-programming-for-wearables-and-more-with-mobile-development
Georgia Gwinnett College,United States,https://www.smcrae2.domains.ggc.edu/index.html
International Technological University,United States,https://learnmore.itu.edu/display?FilesData=Glencoe_Life_Iscience_Modules_From_Bacteria_To_Plants_Grade_6_Student_Edition_Glen_Sci_From_Bacteria_To_Plt.pdf&docid=D44k910
James Madison University,United States,https://search.lib.jmu.edu/discovery/fulldisplay/alma991016563615006271/01JMU_INST:01JMU
Kean College,United States,https://career.kean.edu/classes/kotlin-multiplatform-libraries/
Loyola Marymount University,United States,https://cs.lmu.edu/~ray/notes/plstudy
Lynchburg College,United States,https://meehean.lynchburg.edu/student-faculty-projects
Monmouth University,United States,https://catalog.monmouth.edu/undergraduate-catalog/undergraduate-course-descriptions/cs
Morehouse,United States,https://careerdevelopment.morehouse.edu/experiences/software-engineering/
NHTI-Concord's Community College,United States,https://catalog.nhti.edu/information-technology/ist218c
New England Institute of Technology,United States,https://catalog.neit.edu/course-descriptions/se/
New Mexico State University,United States,https://catalogs.nmsu.edu/dona-ana/academic-career-programs/computer-information-technology
Otterbein College,United States,http://faculty.otterbein.edu/dstucki/COMP4210/Assign2.pdf
Pace University,United States,https://online.pace.edu/articles/computer-science/what-can-you-do-with-masters-computer-science
Pacific University,United States,https://zeus.cs.pacificu.edu/ryand/cs260/2020/Lectures/01.JDKIntro.IP.pdf
Princeton University,United States,https://coursera.cs.princeton.edu/introcs/assignments/barchart/specification.php
Southern New Hampshire University,United States,https://career360.snhu.edu/jobs/capgemini-america-inc-junior-mobile-application-developer
Southern Utah University,United States,https://my.suu.edu/syllabus/202610/CS-4300-30R/
Spokane Community College,United States,https://scc.spokane.edu/What-to-Study/STEM/Software-Development
Texas Christian University,United States,https://cse.tcu.edu/computer-science/files/syllabi/COSC40043.pdf
Texas Southern University,United States,https://cpc.tsu.edu/classes/kotlin-multiplatform-development/
Trinity College (CT),United States,https://internet3.trincoll.edu/FacProfiles/Default.aspx?fid=1000576
"University of California, Riverside",United States,https://search.library.ucr.edu/discovery/fulldisplay?docid=alma9914826952106531&context=L&vid=01CDL_RIV_INST:UCR&lang=en&adaptor=Local%20Search%20Engine&tab=Everything&query=sub%2Cexact%2CMobile%20apps%20--%20Programming%2CAND&mode=advanced&offset=0
University of Delaware,United States,https://www.eecis.udel.edu/~mlm/docs/2025-Aiyagari-AAAI-25-AnOverviewOfTheNaturalLanguageInteractionProtocol-Workshop.pdf
"University of Maryland, College Park",United States,https://terplink.umd.edu/event/7647235
University of South Carolina,United States,https://capstone.cse.sc.edu/492syllabus
Villanova University,United States,https://connections.villanova.edu/classes/build-spring-boot-apps-with-the-kotlin-programming-language/
Virginia Tech,United States,https://courses.cs.vt.edu/cs3304/fall20meng/lecture_notes/Group-1.pdf
Washtenaw Community College,United States,https://www.wccnet.edu/mywcc/faculty-staff/curriculum/course-program-data/syllabi/cps/ms_cps251.pdf
Wentworth Institute of Technology,United States,https://coopsandcareers.wit.edu/classes/kotlin-multiplatform-development/
Western Governors University,United States,https://careers.wgu.edu/jobs/temple-allen-industries-entry-level-full-stack-developer
